CatchId,Stage,Number of Cells,SurfaceArea (m2),BedArea (m2),Volume (m3),SLOPE,LENGTHKM,AREASQKM,Roughness,TopWidth (m),WettedPerimeter (m),WetArea (m2),HydraulicRadius (m),Discharge (m3s-1)
3360406,0.0,1172,2930000.0,2930000.0,0.0,0.0,1.733,0.3294,0.05,1690.70975188,1690.70975188,0.0,0.0,0.0
3360406,0.3048,1226,3065000.0,3065000.16391,902679.645533,0.0,1.733,0.3294,0.05,1768.60934795,1768.60944253,520.876887209,0.29451210351,0.0
3360406,0.6096,2031,5077500.0,5077503.5733,2043299.82155,0.0,1.733,0.3294,0.05,2929.89036353,2929.89242545,1179.05356119,0.402422133643,0.0
3360406,0.9144,3149,7872500.0,7872516.554,4068343.97461,0.0,1.733,0.3294,0.05,4542.70051933,4542.71007155,2347.57298015,0.516778078102,0.0
3360406,1.2192,3689,9222500.0,9222534.72239,6703430.47554,0.0,1.733,0.3294,0.05,5321.69648009,5321.71651609,3868.10760274,0.726853373539,0.0
3360406,1.524,3959,9897500.0,9897554.26049,9612234.40285,0.0,1.733,0.3294,0.05,5711.19446047,5711.22577062,5546.58649905,0.971172690734,0.0
3360406,1.8288,4160,10400000.0,10400076.0531,12709870.2435,0.0,1.733,0.3294,0.05,6001.15406809,6001.19795334,7334.02783813,1.2220939711,0.0
3360406,2.1336,4362,10905000.0,10905106.2882,15957703.9634,0.0,1.733,0.3294,0.05,6292.55626082,6292.61759273,9208.13846708,1.4633240192,0.0
3360406,2.4384,4621,11552500.0,11552648.3914,19381462.8655,0.0,1.733,0.3294,0.05,6666.18580496,6666.27143187,11183.7639154,1.677664048,0.0
3360406,2.7432,4984,12460000.0,12460202.7446,23015034.3903,0.0,1.733,0.3294,0.05,7189.84420081,7189.96119135,13280.4583902,1.8470834594,0.0
3360406,3.048,6354,15885000.0,15885287.8869,27092064.6641,0.0,1.733,0.3294,0.05,9166.18580496,9166.35192548,15633.0436608,1.70548150321,0.0
3360406,3.3528,9095,22737500.0,22737919.1929,33023066.3137,0.0,1.733,0.3294,0.05,13120.3115984,13120.553487,19055.4335336,1.45233457967,0.0
3360406,3.6576,10358,25895000.0,25895672.1956,40488806.9142,0.0,1.733,0.3294,0.05,14942.2965955,14942.6844752,23363.4200313,1.56353565988,0.0
3360406,3.9624,11233,28082500.0,28083432.0539,48712409.9411,0.0,1.733,0.3294,0.05,16204.558569,16205.0963958,28108.7189504,1.73456042864,0.0
3360406,4.2672,12020,30050000.0,30051234.4417,57577099.0206,0.0,1.733,0.3294,0.05,17339.8730525,17340.5853674,33223.9463477,1.9159645216,0.0
3360406,4.572,12485,31212500.0,31213970.4815,66926704.7487,0.0,1.733,0.3294,0.05,18010.6751298,18011.5236477,38618.9871603,2.14412661114,0.0
3360406,4.8768,12721,31802500.0,31804148.6102,76536826.6393,0.0,1.733,0.3294,0.05,18351.1252164,18352.0765206,44164.3546678,2.40650449654,0.0
3360406,5.1816,12838,32095000.0,32096733.1505,86276979.1264,0.0,1.733,0.3294,0.05,18519.9076746,18520.9077614,49784.7542564,2.6880299226,0.0
3360406,5.4864,12930,32325000.0,32326782.6951,96099564.5727,0.0,1.733,0.3294,0.05,18652.6255049,18653.6541806,55452.720469,2.9727537528,0.0
3360406,5.7912,13006,32515000.0,32516818.3964,105982925.955,0.0,1.733,0.3294,0.05,18762.2619735,18763.3112501,61155.7564658,3.25932644034,0.0
3360406,6.096,13085,32712500.0,32714334.6012,115923278.065,0.0,1.733,0.3294,0.05,18876.2261973,18877.2848247,66891.6780526,3.54350102114,0.0
3360406,6.4008,13140,32850000.0,32851853.7855,125915880.68,0.0,1.733,0.3294,0.05,18955.5683785,18956.6380759,72657.7499596,3.83283943433,0.0
3360406,6.7056,13186,32965000.0,32966874.9186,135948337.255,0.0,1.733,0.3294,0.05,19021.9272937,19023.0091856,78446.8189586,4.12378600006,0.0
3360406,7.0104,13213,33032500.0,33034388.3097,146007463.802,0.0,1.733,0.3294,0.05,19060.8770917,19061.9667107,84251.2774389,4.41986279366,0.0
3360406,7.3152,13221,33052500.0,33054402.3228,156078993.814,0.0,1.733,0.3294,0.05,19072.4177726,19073.5154777,90062.8931413,4.72188219559,0.0
3360406,7.62,13224,33060000.0,33061906.0132,166154028.318,0.0,1.733,0.3294,0.05,19076.745528,19077.8453625,95876.5310546,5.0255429391,0.0
3360406,7.9248,13226,33065000.0,33066909.7868,176231525.325,0.0,1.733,0.3294,0.05,19079.6306982,19080.7327102,101691.589916,5.32954323404,0.0
3360406,8.2296,13227,33067500.0,33069409.7868,186310303.819,0.0,1.733,0.3294,0.05,19081.0732833,19082.1752953,107507.38824,5.63391681378,0.0
3360406,8.5344,13235,33087500.0,33089411.0385,196392375.821,0.0,1.733,0.3294,0.05,19092.6139642,19093.7166985,113325.087029,5.93520312564,0.0
3360406,8.8392,13242,33105000.0,33106915.2322,206480534.309,0.0,1.733,0.3294,0.05,19102.71206,19103.8172142,119146.297928,6.23677962326,0.0
3360406,9.144,13246,33115000.0,33116915.6554,216573340.805,0.0,1.733,0.3294,0.05,19108.4824005,19109.5877989,124970.190886,6.53965915964,0.0
3360406,9.4488,13250,33125000.0,33126917.1968,226668880.798,0.0,1.733,0.3294,0.05,19114.2527409,19115.3590287,130795.661164,6.84243811313,0.0
3360406,9.7536,13252,33130000.0,33131917.6641,236766038.79,0.0,1.733,0.3294,0.05,19117.1379111,19118.2444686,136622.065083,7.14616163151,0.0
3360406,10.0584,13253,33132500.0,33134418.2408,246864553.791,0.0,1.733,0.3294,0.05,19118.5804962,19119.6873865,142449.252043,7.45039650302,0.0
3360406,10.3632,13253,33132500.0,33134418.2408,256963339.791,0.0,1.733,0.3294,0.05,19118.5804962,19119.6873865,148276.595378,7.75517885733,0.0
3360406,10.668,13254,33135000.0,33136918.3311,267062805.791,0.0,1.733,0.3294,0.05,19120.0230814,19121.1300237,154104.331097,8.05937363043,0.0
3360406,10.9728,13254,33135000.0,33136918.3311,277162353.791,0.0,1.733,0.3294,0.05,19120.0230814,19121.1300237,159932.114132,8.36415598523,0.0
3360406,11.2776,13254,33135000.0,33136918.3311,287261901.791,0.0,1.733,0.3294,0.05,19120.0230814,19121.1300237,165759.897167,8.66893834004,0.0
3360406,11.5824,13254,33135000.0,33136918.3311,297361449.791,0.0,1.733,0.3294,0.05,19120.0230814,19121.1300237,171587.680203,8.97372069485,0.0
3360406,11.8872,13254,33135000.0,33136918.3311,307460997.791,0.0,1.733,0.3294,0.05,19120.0230814,19121.1300237,177415.463238,9.27850304965,0.0
3360406,12.192,13254,33135000.0,33136918.3311,317560545.791,0.0,1.733,0.3294,0.05,19120.0230814,19121.1300237,183243.246273,9.58328540446,0.0
3360406,12.4968,13254,33135000.0,33136918.3311,327660093.791,0.0,1.733,0.3294,0.05,19120.0230814,19121.1300237,189071.029308,9.88806775927,0.0
3360406,12.8016,13254,33135000.0,33136918.3311,337759641.791,0.0,1.733,0.3294,0.05,19120.0230814,19121.1300237,194898.812343,10.1928501141,0.0
3360406,13.1064,13254,33135000.0,33136918.3311,347859189.791,0.0,1.733,0.3294,0.05,19120.0230814,19121.1300237,200726.595379,10.4976324689,0.0
3360406,13.4112,13254,33135000.0,33136918.3311,357958737.791,0.0,1.733,0.3294,0.05,19120.0230814,19121.1300237,206554.378414,10.8024148237,0.0
3360406,13.716,13255,33137500.0,33139418.7048,368058715.112,0.0,1.733,0.3294,0.05,19121.4656665,19122.5728245,212382.409182,11.1063720939,0.0
3360406,14.0208,13255,33137500.0,33139418.7048,378159025.112,0.0,1.733,0.3294,0.05,19121.4656665,19122.5728245,218210.631917,11.4111544466,0.0
3360406,14.3256,13255,33137500.0,33139418.7048,388259335.112,0.0,1.733,0.3294,0.05,19121.4656665,19122.5728245,224038.854652,11.7159367993,0.0
3360406,14.6304,13255,33137500.0,33139418.7048,398359645.112,0.0,1.733,0.3294,0.05,19121.4656665,19122.5728245,229867.077387,12.020719152,0.0
3360406,14.9352,13255,33137500.0,33139418.7048,408459955.112,0.0,1.733,0.3294,0.05,19121.4656665,19122.5728245,235695.300123,12.3255015047,0.0
3360406,15.24,13255,33137500.0,33139418.7048,418560265.112,0.0,1.733,0.3294,0.05,19121.4656665,19122.5728245,241523.522858,12.6302838574,0.0
3360406,15.5448,13255,33137500.0,33139418.7048,428660575.112,0.0,1.733,0.3294,0.05,19121.4656665,19122.5728245,247351.745593,12.9350662101,0.0
3360406,15.8496,13255,33137500.0,33139418.7048,438760885.112,0.0,1.733,0.3294,0.05,19121.4656665,19122.5728245,253179.968328,13.2398485628,0.0
3360406,16.1544,13255,33137500.0,33139418.7048,448861195.112,0.0,1.733,0.3294,0.05,19121.4656665,19122.5728245,259008.191063,13.5446309155,0.0
3360406,16.4592,13255,33137500.0,33139418.7048,458961505.112,0.0,1.733,0.3294,0.05,19121.4656665,19122.5728245,264836.413798,13.8494132682,0.0
3360406,16.764,13255,33137500.0,33139418.7048,469061815.112,0.0,1.733,0.3294,0.05,19121.4656665,19122.5728245,270664.636533,14.154195621,0.0
3360406,17.0688,13255,33137500.0,33139418.7048,479162125.112,0.0,1.733,0.3294,0.05,19121.4656665,19122.5728245,276492.859269,14.4589779737,0.0
3360406,17.3736,13255,33137500.0,33139418.7048,489262435.112,0.0,1.733,0.3294,0.05,19121.4656665,19122.5728245,282321.082004,14.7637603264,0.0
3360406,17.6784,13255,33137500.0,33139418.7048,499362745.112,0.0,1.733,0.3294,0.05,19121.4656665,19122.5728245,288149.304739,15.0685426791,0.0
3360406,17.9832,13255,33137500.0,33139418.7048,509463055.112,0.0,1.733,0.3294,0.05,19121.4656665,19122.5728245,293977.527474,15.3733250318,0.0
3360406,18.288,13255,33137500.0,33139418.7048,519563365.112,0.0,1.733,0.3294,0.05,19121.4656665,19122.5728245,299805.750209,15.6781073845,0.0
3360406,18.5928,13255,33137500.0,33139418.7048,529663675.112,0.0,1.733,0.3294,0.05,19121.4656665,19122.5728245,305633.972944,15.9828897372,0.0
3360406,18.8976,13255,33137500.0,33139418.7048,539763985.112,0.0,1.733,0.3294,0.05,19121.4656665,19122.5728245,311462.195679,16.2876720899,0.0
3360406,19.2024,13255,33137500.0,33139418.7048,549864295.112,0.0,1.733,0.3294,0.05,19121.4656665,19122.5728245,317290.418415,16.5924544426,0.0
3360406,19.5072,13255,33137500.0,33139418.7048,559964605.112,0.0,1.733,0.3294,0.05,19121.4656665,19122.5728245,323118.64115,16.8972367953,0.0
3360406,19.812,13255,33137500.0,33139418.7048,570064915.112,0.0,1.733,0.3294,0.05,19121.4656665,19122.5728245,328946.863885,17.202019148,0.0
3360406,20.1168,13255,33137500.0,33139418.7048,580165225.112,0.0,1.733,0.3294,0.05,19121.4656665,19122.5728245,334775.08662,17.5068015007,0.0
3360406,20.4216,13255,33137500.0,33139418.7048,590265535.112,0.0,1.733,0.3294,0.05,19121.4656665,19122.5728245,340603.309355,17.8115838534,0.0
3360406,20.7264,13255,33137500.0,33139418.7048,600365845.112,0.0,1.733,0.3294,0.05,19121.4656665,19122.5728245,346431.53209,18.1163662061,0.0
3360406,21.0312,13255,33137500.0,33139418.7048,610466155.112,0.0,1.733,0.3294,0.05,19121.4656665,19122.5728245,352259.754825,18.4211485588,0.0
3360406,21.336,13255,33137500.0,33139418.7048,620566465.112,0.0,1.733,0.3294,0.05,19121.4656665,19122.5728245,358087.977561,18.7259309115,0.0
3360406,21.6408,13255,33137500.0,33139418.7048,630666775.112,0.0,1.733,0.3294,0.05,19121.4656665,19122.5728245,363916.200296,19.0307132642,0.0
3360406,21.9456,13255,33137500.0,33139418.7048,640767085.112,0.0,1.733,0.3294,0.05,19121.4656665,19122.5728245,369744.423031,19.3354956169,0.0
3360406,22.2504,13255,33137500.0,33139418.7048,650867395.112,0.0,1.733,0.3294,0.05,19121.4656665,19122.5728245,375572.645766,19.6402779696,0.0
3360406,22.5552,13255,33137500.0,33139418.7048,660967705.112,0.0,1.733,0.3294,0.05,19121.4656665,19122.5728245,381400.868501,19.9450603223,0.0
3360406,22.86,13255,33137500.0,33139418.7048,671068015.112,0.0,1.733,0.3294,0.05,19121.4656665,19122.5728245,387229.091236,20.249842675,0.0
3360406,23.1648,13255,33137500.0,33139418.7048,681168325.112,0.0,1.733,0.3294,0.05,19121.4656665,19122.5728245,393057.313971,20.5546250277,0.0
3360406,23.4696,13255,33137500.0,33139418.7048,691268635.112,0.0,1.733,0.3294,0.05,19121.4656665,19122.5728245,398885.536707,20.8594073804,0.0
3360406,23.7744,13255,33137500.0,33139418.7048,701368945.112,0.0,1.733,0.3294,0.05,19121.4656665,19122.5728245,404713.759442,21.1641897331,0.0
3360406,24.0792,13255,33137500.0,33139418.7048,711469255.112,0.0,1.733,0.3294,0.05,19121.4656665,19122.5728245,410541.982177,21.4689720858,0.0
3360406,24.384,13255,33137500.0,33139418.7048,721569565.112,0.0,1.733,0.3294,0.05,19121.4656665,19122.5728245,416370.204912,21.7737544385,0.0
3360406,24.6888,13255,33137500.0,33139418.7048,731669875.112,0.0,1.733,0.3294,0.05,19121.4656665,19122.5728245,422198.427647,22.0785367912,0.0
3360406,24.9936,13255,33137500.0,33139418.7048,741770185.112,0.0,1.733,0.3294,0.05,19121.4656665,19122.5728245,428026.650382,22.3833191439,0.0
3360050,0.0,0,0.0,0.0,0.0,1e-05,0.479,0.0135,0.05,0.0,0.0,0.0,0.0,0.0
3360050,0.3048,3,7500.0,7500.0,75.999992,1e-05,0.479,0.0135,0.05,15.6576200418,15.6576200418,0.158663866388,0.0101333322667,0.000469904442551
3360050,0.6096,7,17500.0,17500.047386,4017.999934,1e-05,0.479,0.0135,0.05,36.5344467641,36.534545691,8.38830883925,0.229599374526,0.198922942431
3360050,0.9144,12,30000.0,30000.516772,11244.49994,1e-05,0.479,0.0135,0.05,62.630480167,62.631559023,23.4749476827,0.374810208286,0.771807336628
3360050,1.2192,12,30000.0,30000.516772,20388.49994,1e-05,0.479,0.0135,0.05,62.630480167,62.631559023,42.5647180376,0.679604957973,2.08089794923
3360050,1.524,12,30000.0,30000.516772,29532.49994,1e-05,0.479,0.0135,0.05,62.630480167,62.631559023,61.6544883925,0.98439970766,3.85871181396
3360050,1.8288,12,30000.0,30000.516772,38676.49994,1e-05,0.479,0.0135,0.05,62.630480167,62.631559023,80.7442587474,1.28919445735,6.04905129685
3360050,2.1336,12,30000.0,30000.516772,47820.49994,1e-05,0.479,0.0135,0.05,62.630480167,62.631559023,99.8340291023,1.59398920703,8.61586420386
3360050,2.4384,12,30000.0,30000.516772,56964.49994,1e-05,0.479,0.0135,0.05,62.630480167,62.631559023,118.923799457,1.89878395672,11.5331818707
3360050,2.7432,12,30000.0,30000.516772,66108.49994,1e-05,0.479,0.0135,0.05,62.630480167,62.631559023,138.013569812,2.20357870641,14.7810117773
3360050,3.048,12,30000.0,30000.516772,75252.49994,1e-05,0.479,0.0135,0.05,62.630480167,62.631559023,157.103340167,2.50837345609,18.3432750663
3360050,3.3528,48,120000.0,120000.64224,98398.506735,1e-05,0.479,0.0135,0.05,250.521920668,250.523261461,205.424857484,0.819983167575,11.3820270902
3360050,3.6576,57,142500.0,142500.942051,138290.506716,1e-05,0.479,0.0135,0.05,297.494780793,297.496747497,288.706694605,0.970453280698,17.8979492331
3360050,3.9624,57,142500.0,142500.942051,181724.506716,1e-05,0.479,0.0135,0.05,297.494780793,297.496747497,379.383103791,1.27525126571,28.2166308467
3360050,4.2672,57,142500.0,142500.942051,225158.506716,1e-05,0.479,0.0135,0.05,297.494780793,297.496747497,470.059512977,1.58004925073,40.3301581273
3360050,4.572,57,142500.0,142500.942051,268592.506716,1e-05,0.479,0.0135,0.05,297.494780793,297.496747497,560.735922163,1.88484723575,54.1135234427
3360050,4.8768,57,142500.0,142500.942051,312026.506716,1e-05,0.479,0.0135,0.05,297.494780793,297.496747497,651.412331349,2.18964522076,69.4707211205
3360050,5.1816,57,142500.0,142500.942051,355460.506716,1e-05,0.479,0.0135,0.05,297.494780793,297.496747497,742.088740534,2.49444320578,86.3246682598
3360050,5.4864,57,142500.0,142500.942051,398894.506716,1e-05,0.479,0.0135,0.05,297.494780793,297.496747497,832.76514972,2.79924119079,104.611497238
3360050,5.7912,57,142500.0,142500.942051,442328.506716,1e-05,0.479,0.0135,0.05,297.494780793,297.496747497,923.441558906,3.10403917581,124.277032338
3360050,6.096,57,142500.0,142500.942051,485762.506716,1e-05,0.479,0.0135,0.05,297.494780793,297.496747497,1014.11796809,3.40883716082,145.274473557
3360050,6.4008,57,142500.0,142500.942051,529196.506716,1e-05,0.479,0.0135,0.05,297.494780793,297.496747497,1104.79437728,3.71363514584,167.562799075
3360050,6.7056,57,142500.0,142500.942051,572630.506716,1e-05,0.479,0.0135,0.05,297.494780793,297.496747497,1195.47078646,4.01843313086,191.105620775
3360050,7.0104,57,142500.0,142500.942051,616064.506716,1e-05,0.479,0.0135,0.05,297.494780793,297.496747497,1286.14719565,4.32323111587,215.870338669
3360050,7.3152,57,142500.0,142500.942051,659498.506716,1e-05,0.479,0.0135,0.05,297.494780793,297.496747497,1376.82360484,4.62802910089,241.827500001
3360050,7.62,57,142500.0,142500.942051,702932.506716,1e-05,0.479,0.0135,0.05,297.494780793,297.496747497,1467.50001402,4.9328270859,268.950302932
3360050,7.9248,57,142500.0,142500.942051,746366.506716,1e-05,0.479,0.0135,0.05,297.494780793,297.496747497,1558.17642321,5.23762507092,297.21420505
3360050,8.2296,57,142500.0,142500.942051,789800.506716,1e-05,0.479,0.0135,0.05,297.494780793,297.496747497,1648.85283239,5.54242305594,326.596609616
3360050,8.5344,57,142500.0,142500.942051,833234.506716,1e-05,0.479,0.0135,0.05,297.494780793,297.496747497,1739.52924158,5.84722104095,357.076610603
3360050,8.8392,57,142500.0,142500.942051,876668.506716,1e-05,0.479,0.0135,0.05,297.494780793,297.496747497,1830.20565076,6.15201902597,388.634782945
3360050,9.144,57,142500.0,142500.942051,920102.506716,1e-05,0.479,0.0135,0.05,297.494780793,297.496747497,1920.88205995,6.45681701098,421.253008112
3360050,9.4488,57,142500.0,142500.942051,963536.506716,1e-05,0.479,0.0135,0.05,297.494780793,297.496747497,2011.55846914,6.761614996,454.914327632
3360050,9.7536,57,142500.0,142500.942051,1006970.50672,1e-05,0.479,0.0135,0.05,297.494780793,297.496747497,2102.23487832,7.06641298101,489.602819011
3360050,10.0584,57,142500.0,142500.942051,1050404.50672,1e-05,0.479,0.0135,0.05,297.494780793,297.496747497,2192.91128751,7.37121096603,525.303489785
3360050,10.3632,57,142500.0,142500.942051,1093838.50672,1e-05,0.479,0.0135,0.05,297.494780793,297.496747497,2283.58769669,7.67600895105,562.002186412
3360050,10.668,57,142500.0,142500.942051,1137272.50672,1e-05,0.479,0.0135,0.05,297.494780793,297.496747497,2374.26410588,7.98080693606,599.6855154
3360050,10.9728,57,142500.0,142500.942051,1180706.50672,1e-05,0.479,0.0135,0.05,297.494780793,297.496747497,2464.94051506,8.28560492108,638.340774622
3360050,11.2776,57,142500.0,142500.942051,1224140.50672,1e-05,0.479,0.0135,0.05,297.494780793,297.496747497,2555.61692425,8.59040290609,677.955893178
3360050,11.5824,57,142500.0,142500.942051,1267574.50672,1e-05,0.479,0.0135,0.05,297.494780793,297.496747497,2646.29333344,8.89520089111,718.519378447
3360050,11.8872,57,142500.0,142500.942051,1311008.50672,1e-05,0.479,0.0135,0.05,297.494780793,297.496747497,2736.96974262,9.19999887613,760.020269284
3360050,12.192,57,142500.0,142500.942051,1354442.50672,1e-05,0.479,0.0135,0.05,297.494780793,297.496747497,2827.64615181,9.50479686114,802.448094436
3360050,12.4968,57,142500.0,142500.942051,1397876.50672,1e-05,0.479,0.0135,0.05,297.494780793,297.496747497,2918.32256099,9.80959484616,845.792835459
3360050,12.8016,57,142500.0,142500.942051,1441310.50672,1e-05,0.479,0.0135,0.05,297.494780793,297.496747497,3008.99897018,10.1143928312,890.044893521
3360050,13.1064,57,142500.0,142500.942051,1484744.50672,1e-05,0.479,0.0135,0.05,297.494780793,297.496747497,3099.67537937,10.4191908162,935.195059579
3360050,13.4112,57,142500.0,142500.942051,1528178.50672,1e-05,0.479,0.0135,0.05,297.494780793,297.496747497,3190.35178855,10.7239888012,981.234487489
3360050,13.716,57,142500.0,142500.942051,1571612.50672,1e-05,0.479,0.0135,0.05,297.494780793,297.496747497,3281.02819774,11.0287867862,1028.15466969
3360050,14.0208,57,142500.0,142500.942051,1615046.50672,1e-05,0.479,0.0135,0.05,297.494780793,297.496747497,3371.70460692,11.3335847712,1075.94741518
3360050,14.3256,57,142500.0,142500.942051,1658480.50672,1e-05,0.479,0.0135,0.05,297.494780793,297.496747497,3462.38101611,11.6383827563,1124.60482941
3360050,14.6304,57,142500.0,142500.942051,1701914.50672,1e-05,0.479,0.0135,0.05,297.494780793,297.496747497,3553.05742529,11.9431807413,1174.11929605
3360050,14.9352,57,142500.0,142500.942051,1745348.50672,1e-05,0.479,0.0135,0.05,297.494780793,297.496747497,3643.73383448,12.2479787263,1224.48346024
3360050,15.24,57,142500.0,142500.942051,1788782.50672,1e-05,0.479,0.0135,0.05,297.494780793,297.496747497,3734.41024367,12.5527767113,1275.6902133
3360050,15.5448,57,142500.0,142500.942051,1832216.50672,1e-05,0.479,0.0135,0.05,297.494780793,297.496747497,3825.08665285,12.8575746963,1327.73267861
3360050,15.8496,57,142500.0,142500.942051,1875650.50672,1e-05,0.479,0.0135,0.05,297.494780793,297.496747497,3915.76306204,13.1623726813,1380.60419874
3360050,16.1544,57,142500.0,142500.942051,1919084.50672,1e-05,0.479,0.0135,0.05,297.494780793,297.496747497,4006.43947122,13.4671706663,1434.29832346
3360050,16.4592,57,142500.0,142500.942051,1962518.50672,1e-05,0.479,0.0135,0.05,297.494780793,297.496747497,4097.11588041,13.7719686514,1488.8087987
3360050,16.764,57,142500.0,142500.942051,2005952.50672,1e-05,0.479,0.0135,0.05,297.494780793,297.496747497,4187.79228959,14.0767666364,1544.12955638
3360050,17.0688,57,142500.0,142500.942051,2049386.50672,1e-05,0.479,0.0135,0.05,297.494780793,297.496747497,4278.46869878,14.3815646214,1600.25470493
3360050,17.3736,57,142500.0,142500.942051,2092820.50672,1e-05,0.479,0.0135,0.05,297.494780793,297.496747497,4369.14510797,14.6863626064,1657.17852047
3360050,17.6784,57,142500.0,142500.942051,2136254.50672,1e-05,0.479,0.0135,0.05,297.494780793,297.496747497,4459.82151715,14.9911605914,1714.89543867
3360050,17.9832,57,142500.0,142500.942051,2179688.50672,1e-05,0.479,0.0135,0.05,297.494780793,297.496747497,4550.49792634,15.2959585764,1773.4000471
3360050,18.288,57,142500.0,142500.942051,2223122.50672,1e-05,0.479,0.0135,0.05,297.494780793,297.496747497,4641.17433552,15.6007565615,1832.68707811
3360050,18.5928,57,142500.0,142500.942051,2266556.50672,1e-05,0.479,0.0135,0.05,297.494780793,297.496747497,4731.85074471,15.9055545465,1892.75140222
3360050,18.8976,57,142500.0,142500.942051,2309990.50672,1e-05,0.479,0.0135,0.05,297.494780793,297.496747497,4822.5271539,16.2103525315,1953.58802187
3360050,19.2024,57,142500.0,142500.942051,2353424.50672,1e-05,0.479,0.0135,0.05,297.494780793,297.496747497,4913.20356308,16.5151505165,2015.19206561
3360050,19.5072,57,142500.0,142500.942051,2396858.50672,1e-05,0.479,0.0135,0.05,297.494780793,297.496747497,5003.87997227,16.8199485015,2077.55878261
3360050,19.812,57,142500.0,142500.942051,2440292.50672,1e-05,0.479,0.0135,0.05,297.494780793,297.496747497,5094.55638145,17.1247464865,2140.68353758
3360050,20.1168,57,142500.0,142500.942051,2483726.50672,1e-05,0.479,0.0135,0.05,297.494780793,297.496747497,5185.23279064,17.4295444716,2204.56180587
3360050,20.4216,57,142500.0,142500.942051,2527160.50672,1e-05,0.479,0.0135,0.05,297.494780793,297.496747497,5275.90919982,17.7343424566,2269.18916899
3360050,20.7264,57,142500.0,142500.942051,2570594.50672,1e-05,0.479,0.0135,0.05,297.494780793,297.496747497,5366.58560901,18.0391404416,2334.56131029
3360050,21.0312,57,142500.0,142500.942051,2614028.50672,1e-05,0.479,0.0135,0.05,297.494780793,297.496747497,5457.2620182,18.3439384266,2400.67401094
3360050,21.336,57,142500.0,142500.942051,2657462.50672,1e-05,0.479,0.0135,0.05,297.494780793,297.496747497,5547.93842738,18.6487364116,2467.52314611
3360050,21.6408,57,142500.0,142500.942051,2700896.50672,1e-05,0.479,0.0135,0.05,297.494780793,297.496747497,5638.61483657,18.9535343966,2535.10468137
3360050,21.9456,57,142500.0,142500.942051,2744330.50672,1e-05,0.479,0.0135,0.05,297.494780793,297.496747497,5729.29124575,19.2583323816,2603.41466926
3360050,22.2504,57,142500.0,142500.942051,2787764.50672,1e-05,0.479,0.0135,0.05,297.494780793,297.496747497,5819.96765494,19.5631303667,2672.44924607
3360050,22.5552,57,142500.0,142500.942051,2831198.50672,1e-05,0.479,0.0135,0.05,297.494780793,297.496747497,5910.64406413,19.8679283517,2742.20462881
3360050,22.86,57,142500.0,142500.942051,2874632.50672,1e-05,0.479,0.0135,0.05,297.494780793,297.496747497,6001.32047331,20.1727263367,2812.67711226
3360050,23.1648,57,142500.0,142500.942051,2918066.50672,1e-05,0.479,0.0135,0.05,297.494780793,297.496747497,6091.9968825,20.4775243217,2883.86306622
3360050,23.4696,57,142500.0,142500.942051,2961500.50672,1e-05,0.479,0.0135,0.05,297.494780793,297.496747497,6182.67329168,20.7823223067,2955.75893292
3360050,23.7744,57,142500.0,142500.942051,3004934.50672,1e-05,0.479,0.0135,0.05,297.494780793,297.496747497,6273.34970087,21.0871202917,3028.36122451
3360050,24.0792,57,142500.0,142500.942051,3048368.50672,1e-05,0.479,0.0135,0.05,297.494780793,297.496747497,6364.02611005,21.3919182768,3101.6665207
3360050,24.384,57,142500.0,142500.942051,3091802.50672,1e-05,0.479,0.0135,0.05,297.494780793,297.496747497,6454.70251924,21.6967162618,3175.67146646
3360050,24.6888,57,142500.0,142500.942051,3135236.50672,1e-05,0.479,0.0135,0.05,297.494780793,297.496747497,6545.37892843,22.0015142468,3250.37276995
3360050,24.9936,57,142500.0,142500.942051,3178670.50672,1e-05,0.479,0.0135,0.05,297.494780793,297.496747497,6636.05533761,22.3063122318,3325.7672004
3360320,0.0,623,1557500.0,1557505.14686,0.0,0.0,7.584,2.3724,0.05,205.366561181,205.367239829,0.0,0.0,0.0
3360320,0.3048,753,1882500.0,1882505.46217,513750.988325,0.0,7.584,2.3724,0.05,248.219936709,248.220656932,67.7414277855,0.272908099684,0.0
3360320,0.6096,1212,3030000.0,3030011.32399,1211842.94737,0.0,7.584,2.3724,0.05,399.525316456,399.526809598,159.789418166,0.399946672732,0.0
3360320,0.9144,1662,4155000.0,4155034.1928,2313766.9199,0.0,7.584,2.3724,0.05,547.863924051,547.868432595,305.085300619,0.556858695388,0.0
3360320,1.2192,1941,4852500.0,4852568.80522,3695759.06127,0.0,7.584,2.3724,0.05,639.833860759,639.842933177,487.310002804,0.761608791058,0.0
3360320,1.524,2048,5120000.0,5120100.32117,5220193.55438,0.0,7.584,2.3724,0.05,675.105485232,675.118713235,688.316660651,1.01954907657,0.0
3360320,1.8288,2071,5177500.0,5177612.62536,6791102.99711,0.0,7.584,2.3724,0.05,682.687236287,682.702086677,895.451344556,1.31162825196,0.0
3360320,2.1336,2078,5195000.0,5195122.14959,8372087.99576,0.0,7.584,2.3724,0.05,684.994725738,685.01083196,1103.9145564,1.61152861371,0.0
3360320,2.4384,2080,5200000.0,5200127.92349,9955698.49595,0.0,7.584,2.3724,0.05,685.654008439,685.670875987,1312.7239578,1.91451030483,0.0
3360320,2.7432,2096,5240000.0,5240166.924,11546365.7538,0.0,7.584,2.3724,0.05,690.928270042,690.950280063,1522.46383884,2.20343472283,0.0
3360320,3.048,2125,5312500.0,5312740.67462,13152120.2538,0.0,7.584,2.3724,0.05,700.487869198,700.51960372,1734.19307144,2.47558107187,0.0
3360320,3.3528,2314,5785000.0,5785497.68507,14822865.7721,0.0,7.584,2.3724,0.05,762.790084388,762.85570742,1954.49179484,2.56207271681,0.0
3360320,3.6576,2960,7400000.0,7401070.10841,16768650.2787,0.0,7.584,2.3724,0.05,975.738396624,975.879497417,2211.05620764,2.26570617939,0.0
3360320,3.9624,4784,11960000.0,11961994.9737,19629769.3414,0.0,7.584,2.3724,0.05,1577.00421941,1577.26726974,2588.31346801,1.64101133502,0.0
3360320,4.2672,6608,16520000.0,16522964.1315,23976918.9077,0.0,7.584,2.3724,0.05,2178.27004219,2178.66088232,3161.51356906,1.45112697194,0.0
3360320,4.572,8404,21010000.0,21013961.7339,29751972.7608,0.0,7.584,2.3724,0.05,2770.30590717,2770.82828769,3922.99218892,1.41581930802,0.0
3360320,4.8768,9411,23527500.0,23532211.0978,36596124.2566,0.0,7.584,2.3724,0.05,3102.25474684,3102.87593589,4825.43832497,1.5551502621,0.0
3360320,5.1816,9853,24632500.0,24637539.165,43953041.4477,0.0,7.584,2.3724,0.05,3247.95622363,3248.62067049,5795.49597148,1.78398666983,0.0
3360320,5.4864,10080,25200000.0,25205155.285,51559621.7369,0.0,7.584,2.3724,0.05,3322.78481013,3323.46456817,6798.47333029,2.04559825774,0.0
3360320,5.7912,10169,25422500.0,25427689.5016,59278571.1518,0.0,7.584,2.3724,0.05,3352.1228903,3352.80716003,7816.26729323,2.33126061839,0.0
3360320,6.096,10205,25512500.0,25517711.2678,67042119.1116,0.0,7.584,2.3724,0.05,3363.9899789,3364.67711864,8839.94186599,2.62727790938,0.0
3360320,6.4008,10208,25520000.0,25525213.8957,74819762.6088,0.0,7.584,2.3724,0.05,3364.97890295,3365.66638921,9865.47502753,2.9312100151,0.0
3360320,6.7056,10208,25520000.0,25525213.8957,82598258.6088,0.0,7.584,2.3724,0.05,3364.97890295,3365.66638921,10891.1205972,3.23594775527,0.0
3360320,7.0104,10208,25520000.0,25525213.8957,90376754.6088,0.0,7.584,2.3724,0.05,3364.97890295,3365.66638921,11916.7661668,3.54068549545,0.0
3360320,7.3152,10208,25520000.0,25525213.8957,98155250.6088,0.0,7.584,2.3724,0.05,3364.97890295,3365.66638921,12942.4117364,3.84542323562,0.0
3360320,7.62,10208,25520000.0,25525213.8957,105933746.609,0.0,7.584,2.3724,0.05,3364.97890295,3365.66638921,13968.057306,4.15016097579,0.0
3360320,7.9248,10208,25520000.0,25525213.8957,113712242.609,0.0,7.584,2.3724,0.05,3364.97890295,3365.66638921,14993.7028756,4.45489871596,0.0
3360320,8.2296,10208,25520000.0,25525213.8957,121490738.609,0.0,7.584,2.3724,0.05,3364.97890295,3365.66638921,16019.3484453,4.75963645613,0.0
3360320,8.5344,10208,25520000.0,25525213.8957,129269234.609,0.0,7.584,2.3724,0.05,3364.97890295,3365.66638921,17044.9940149,5.06437419631,0.0
3360320,8.8392,10208,25520000.0,25525213.8957,137047730.609,0.0,7.584,2.3724,0.05,3364.97890295,3365.66638921,18070.6395845,5.36911193648,0.0
3360320,9.144,10208,25520000.0,25525213.8957,144826226.609,0.0,7.584,2.3724,0.05,3364.97890295,3365.66638921,19096.2851541,5.67384967665,0.0
3360320,9.4488,10208,25520000.0,25525213.8957,152604722.609,0.0,7.584,2.3724,0.05,3364.97890295,3365.66638921,20121.9307237,5.97858741682,0.0
3360320,9.7536,10208,25520000.0,25525213.8957,160383218.609,0.0,7.584,2.3724,0.05,3364.97890295,3365.66638921,21147.5762934,6.283325157,0.0
3360320,10.0584,10208,25520000.0,25525213.8957,168161714.609,0.0,7.584,2.3724,0.05,3364.97890295,3365.66638921,22173.221863,6.58806289717,0.0
3360320,10.3632,10208,25520000.0,25525213.8957,175940210.609,0.0,7.584,2.3724,0.05,3364.97890295,3365.66638921,23198.8674326,6.89280063734,0.0
3360320,10.668,10208,25520000.0,25525213.8957,183718706.609,0.0,7.584,2.3724,0.05,3364.97890295,3365.66638921,24224.5130022,7.19753837751,0.0
3360320,10.9728,10208,25520000.0,25525213.8957,191497202.609,0.0,7.584,2.3724,0.05,3364.97890295,3365.66638921,25250.1585718,7.50227611768,0.0
3360320,11.2776,10208,25520000.0,25525213.8957,199275698.609,0.0,7.584,2.3724,0.05,3364.97890295,3365.66638921,26275.8041415,7.80701385786,0.0
3360320,11.5824,10208,25520000.0,25525213.8957,207054194.609,0.0,7.584,2.3724,0.05,3364.97890295,3365.66638921,27301.4497111,8.11175159803,0.0
3360320,11.8872,10208,25520000.0,25525213.8957,214832690.609,0.0,7.584,2.3724,0.05,3364.97890295,3365.66638921,28327.0952807,8.4164893382,0.0
3360320,12.192,10208,25520000.0,25525213.8957,222611186.609,0.0,7.584,2.3724,0.05,3364.97890295,3365.66638921,29352.7408503,8.72122707837,0.0
3360320,12.4968,10208,25520000.0,25525213.8957,230389682.609,0.0,7.584,2.3724,0.05,3364.97890295,3365.66638921,30378.3864199,9.02596481855,0.0
3360320,12.8016,10208,25520000.0,25525213.8957,238168178.609,0.0,7.584,2.3724,0.05,3364.97890295,3365.66638921,31404.0319896,9.33070255872,0.0
3360320,13.1064,10208,25520000.0,25525213.8957,245946674.609,0.0,7.584,2.3724,0.05,3364.97890295,3365.66638921,32429.6775592,9.63544029889,0.0
3360320,13.4112,10208,25520000.0,25525213.8957,253725170.609,0.0,7.584,2.3724,0.05,3364.97890295,3365.66638921,33455.3231288,9.94017803906,0.0
3360320,13.716,10208,25520000.0,25525213.8957,261503666.609,0.0,7.584,2.3724,0.05,3364.97890295,3365.66638921,34480.9686984,10.2449157792,0.0
3360320,14.0208,10208,25520000.0,25525213.8957,269282162.609,0.0,7.584,2.3724,0.05,3364.97890295,3365.66638921,35506.614268,10.5496535194,0.0
3360320,14.3256,10208,25520000.0,25525213.8957,277060658.609,0.0,7.584,2.3724,0.05,3364.97890295,3365.66638921,36532.2598377,10.8543912596,0.0
3360320,14.6304,10208,25520000.0,25525213.8957,284839154.609,0.0,7.584,2.3724,0.05,3364.97890295,3365.66638921,37557.9054073,11.1591289998,0.0
3360320,14.9352,10208,25520000.0,25525213.8957,292617650.609,0.0,7.584,2.3724,0.05,3364.97890295,3365.66638921,38583.5509769,11.4638667399,0.0
3360320,15.24,10208,25520000.0,25525213.8957,300396146.609,0.0,7.584,2.3724,0.05,3364.97890295,3365.66638921,39609.1965465,11.7686044801,0.0
3360320,15.5448,10208,25520000.0,25525213.8957,308174642.609,0.0,7.584,2.3724,0.05,3364.97890295,3365.66638921,40634.8421161,12.0733422203,0.0
3360320,15.8496,10208,25520000.0,25525213.8957,315953138.609,0.0,7.584,2.3724,0.05,3364.97890295,3365.66638921,41660.4876858,12.3780799604,0.0
3360320,16.1544,10208,25520000.0,25525213.8957,323731634.609,0.0,7.584,2.3724,0.05,3364.97890295,3365.66638921,42686.1332554,12.6828177006,0.0
3360320,16.4592,10208,25520000.0,25525213.8957,331510130.609,0.0,7.584,2.3724,0.05,3364.97890295,3365.66638921,43711.778825,12.9875554408,0.0
3360320,16.764,10208,25520000.0,25525213.8957,339288626.609,0.0,7.584,2.3724,0.05,3364.97890295,3365.66638921,44737.4243946,13.292293181,0.0
3360320,17.0688,10208,25520000.0,25525213.8957,347067122.609,0.0,7.584,2.3724,0.05,3364.97890295,3365.66638921,45763.0699642,13.5970309211,0.0
3360320,17.3736,10208,25520000.0,25525213.8957,354845618.609,0.0,7.584,2.3724,0.05,3364.97890295,3365.66638921,46788.7155339,13.9017686613,0.0
3360320,17.6784,10208,25520000.0,25525213.8957,362624114.609,0.0,7.584,2.3724,0.05,3364.97890295,3365.66638921,47814.3611035,14.2065064015,0.0
3360320,17.9832,10208,25520000.0,25525213.8957,370402610.609,0.0,7.584,2.3724,0.05,3364.97890295,3365.66638921,48840.0066731,14.5112441416,0.0
3360320,18.288,10208,25520000.0,25525213.8957,378181106.609,0.0,7.584,2.3724,0.05,3364.97890295,3365.66638921,49865.6522427,14.8159818818,0.0
3360320,18.5928,10208,25520000.0,25525213.8957,385959602.609,0.0,7.584,2.3724,0.05,3364.97890295,3365.66638921,50891.2978123,15.120719622,0.0
3360320,18.8976,10208,25520000.0,25525213.8957,393738098.609,0.0,7.584,2.3724,0.05,3364.97890295,3365.66638921,51916.943382,15.4254573622,0.0
3360320,19.2024,10208,25520000.0,25525213.8957,401516594.609,0.0,7.584,2.3724,0.05,3364.97890295,3365.66638921,52942.5889516,15.7301951023,0.0
3360320,19.5072,10208,25520000.0,25525213.8957,409295090.609,0.0,7.584,2.3724,0.05,3364.97890295,3365.66638921,53968.2345212,16.0349328425,0.0
3360320,19.812,10208,25520000.0,25525213.8957,417073586.609,0.0,7.584,2.3724,0.05,3364.97890295,3365.66638921,54993.8800908,16.3396705827,0.0
3360320,20.1168,10208,25520000.0,25525213.8957,424852082.609,0.0,7.584,2.3724,0.05,3364.97890295,3365.66638921,56019.5256604,16.6444083229,0.0
3360320,20.4216,10208,25520000.0,25525213.8957,432630578.609,0.0,7.584,2.3724,0.05,3364.97890295,3365.66638921,57045.1712301,16.949146063,0.0
3360320,20.7264,10208,25520000.0,25525213.8957,440409074.609,0.0,7.584,2.3724,0.05,3364.97890295,3365.66638921,58070.8167997,17.2538838032,0.0
3360320,21.0312,10208,25520000.0,25525213.8957,448187570.609,0.0,7.584,2.3724,0.05,3364.97890295,3365.66638921,59096.4623693,17.5586215434,0.0
3360320,21.336,10208,25520000.0,25525213.8957,455966066.609,0.0,7.584,2.3724,0.05,3364.97890295,3365.66638921,60122.1079389,17.8633592835,0.0
3360320,21.6408,10208,25520000.0,25525213.8957,463744562.609,0.0,7.584,2.3724,0.05,3364.97890295,3365.66638921,61147.7535085,18.1680970237,0.0
3360320,21.9456,10208,25520000.0,25525213.8957,471523058.609,0.0,7.584,2.3724,0.05,3364.97890295,3365.66638921,62173.3990782,18.4728347639,0.0
3360320,22.2504,10208,25520000.0,25525213.8957,479301554.609,0.0,7.584,2.3724,0.05,3364.97890295,3365.66638921,63199.0446478,18.7775725041,0.0
3360320,22.5552,10208,25520000.0,25525213.8957,487080050.609,0.0,7.584,2.3724,0.05,3364.97890295,3365.66638921,64224.6902174,19.0823102442,0.0
3360320,22.86,10208,25520000.0,25525213.8957,494858546.609,0.0,7.584,2.3724,0.05,3364.97890295,3365.66638921,65250.335787,19.3870479844,0.0
3360320,23.1648,10208,25520000.0,25525213.8957,502637042.609,0.0,7.584,2.3724,0.05,3364.97890295,3365.66638921,66275.9813566,19.6917857246,0.0
3360320,23.4696,10208,25520000.0,25525213.8957,510415538.609,0.0,7.584,2.3724,0.05,3364.97890295,3365.66638921,67301.6269263,19.9965234647,0.0
3360320,23.7744,10208,25520000.0,25525213.8957,518194034.609,0.0,7.584,2.3724,0.05,3364.97890295,3365.66638921,68327.2724959,20.3012612049,0.0
3360320,24.0792,10208,25520000.0,25525213.8957,525972530.609,0.0,7.584,2.3724,0.05,3364.97890295,3365.66638921,69352.9180655,20.6059989451,0.0
3360320,24.384,10208,25520000.0,25525213.8957,533751026.609,0.0,7.584,2.3724,0.05,3364.97890295,3365.66638921,70378.5636351,20.9107366853,0.0
3360320,24.6888,10208,25520000.0,25525213.8957,541529522.609,0.0,7.584,2.3724,0.05,3364.97890295,3365.66638921,71404.2092047,21.2154744254,0.0
3360320,24.9936,10208,25520000.0,25525213.8957,549308018.609,0.0,7.584,2.3724,0.05,3364.97890295,3365.66638921,72429.8547744,21.5202121656,0.0
